Schiene;Nighthawk;"Fehler / 
Bemerkungen";Druckerstand;"KMS
Aktivierung";"KMS
NEXT";"Bem.
Image";KW 01;KW 02;KW 03;KW 04;KW 05;KW 06;KW 07;KW 08;KW 09;KW 10;KW 11;KW 12;KW 13;KW 14;KW 15;KW 16;KW 17;KW 18;KW 19;KW 20;KW 21;KW 22;KW 23;KW 24;KW 25;KW 26;KW 27;KW 28;KW 29;KW 30;KW 31;KW 32;KW 33;KW 34;KW 35;KW 36;KW 37;KW 38;KW 39;KW 40;KW 41;KW 42;KW 43;KW 44;KW 45;KW 46;KW 47;KW 48;KW 49;KW 50;KW 51;KW 52;
Anzahl aller Schienen unterwegs -->;;;;;;;1;5;10;13;14;17;18;18;19;20;21;21;20;16;19;21;22;22;21;22;22;22;23;23;23;23;22;23;19;14;13;12;20;24;32;31;31;30;25;26;28;31;28;29;24;28;27;18;10;7;3;1;
AC 01;NH 01;;"A - 63 %
B - 77 %";26.07.2023;21.01.2024;"AC_WIN10
21H2";;;"Versand
PzGBrig 391
Bad Salzungen";"49292
23.01-27.01.
Outlook
Jacob";"49293
30.01-03.02.
Outlook
Weke";"49294
06.02-10.02.
Outlook
Boldin";"RÅckholungen
PzGBrig 391
Bad Salzungen";"Versand
LogStSt
Sondershausen";"49646
Outlook
27.02-03.03.
Trainer";"49647
Outlook 
06.03.-10.03.2023
Buchner";"RÅckholung
LogStSt
Sondershausen";"Versand
Lkdo RLP
Mainz";"49686
Excel  
27.03.-31.03.2023
Messerschmidt";"RÅckholung
Lkdo RLP
Mainz";"Versand
BwDLZ
Kaufbeuern";"49898
17.04.-21.04.
Excel Grundlagen
NÅrnberg";"49899
24.04.-28.04
Excel Aufbau
NÅrnberg";"Versand
BWDEpOst
Zeithain";"Vor
Ort";"Vor
Ort";"49471
Word Grundlagen
22.05.-26.05.2023
Boldin";"Vor
Ort";"49479
Word Aufbau
05.06.-09.06.2023
Boldin";"49473
Excel Grundlagen
12.06.-16.06.2023
Boldin";"49481
Excel Aufbau
19.06.-23.06.2023
Boldin";"49477
Outlook 
26.06.-30.06.2023
Boldin";"49475
PowerPoint 
03.07.-07.07.2023
K. SchÅler";"Weiterleitung
ElKfFBtl 912
Nienburg";"49386
Outlook
17.07.-21.07.
Peschke";"Versand
BAMAD
Kîln";"50128
Word Aufbau
31.07.-04.08.2023
K. SchÅler";"50109
Excel Aufbau
07.08..-11.08..23
Lorenz";"Vor
Ort";"50112
Sharepoint
21.08.-25.08..2023
Hirschfeld ";"50113
Sharepoint
28.08.-01.09..2023
Hirschfeld ";"50114
Sharepoint
.04.09.-08.09..23
Schubert";"50115
Sharepoint
11.09.-15.09.2023
Wernau";"50116
Sharepoint
.18.09.-22.09..23
A.Hoffmann";"50123
Outlook
25.09.-29.09.2023
Post";"Vor
Ort";"50124
Outlook
09.10.-13.10..2023
A.Hoffmann";"50125
Outlook
16.10.-20.10..2023
A.Hoffmann";"Vor
Ort";"Vor
Ort";"50106
Excel Grundlagen
06.11.-10.11.2023
Trainer ";"50108
Excel Aufbau
13.11.-17.11.2023
Trainer";"RÅckholung
BAMAD
Kîln";;;;;;
AC 02;NH 02;;"A - 23 %
B - 44 %";19.07.2023;14.01.2024;"AC_WIN10
21H2";;"Versand
ITBtl 282
Kastellaun";"48610
Outlook 
16.01.-20.01.2023
Wernau";"48611
Outlook
23.01.-27.01.2023
Wernau";"48612
Kombi
30.01.-03.02.2023
Lorenz";"RÅckholung
ITBtl 282
Kastellaun";"Versand
ZBrdSchBw
Gardelegen";"48754
Outlook
20.02.-24.02.2023
Trainer";"RÅckholung
ZBrdSchBw
Gardelegen";"Versand
LogBtl 171
Magdeburg";"49437
Outlook 
13.03.-17.03.2023
Boldin ";"49439
Outlook 
20.03.-24.03.2023
Boldin ";"RÅckholung
LogBtl 171
Magdeburg";;;"Versand
TAusZLw
Kaufbeuern";"49903
24.04.-24.02..
Excel GL
Wimmer";"Vor
Ort";"49904
08.05.-12.05.23
Excel 
Gietl";"Versand
ZCSBw
Euskirchen";"49944
Excel Grundlagen
22.05.-26.05.2023
Gîbel";"Weiterleitung
TakLuGesch 74
Neuburg / Donau";"Vor
Ort";"49932
12.06-16.06.
Word GL
Schrepf";"49933
19.06-23.06.
Word Aufbau
Schrepf";"49934
26.06-30.06.
Excel GL
KÅttner";"49935
03.07-07.07.
Excel Aufbau
Buchner";"RÅckholung
TakLuGesch 74
Neuburg / Donau";;;"Versand
TakLwGsch 31
Nîrvenich";"50450
Sharepoint
07.08.-11.08.2023
Dahlmann";"50451
Sharepoint
14.08.-18.08.2023
Dohmen";"RÅckholung
TakLwGsch 31
Nîrvenich";;;;;;;;;;;;;;;;;;;
AC 03;NH 03;;"A - 34 %
B - 43 %";02.08.2023;28.01.2024;"AC_WIN10
21H2";;"Versand
ZBrsBw
Neuburg a.d.D.";"49173
16.01-20.01.
Outlook
Derntl";"49172
23.01-27.01.
Outlook
Derntl";"49174
30.01-03.02.
Kombi
Derntl";"RÅckholung
ZBrsBw
Neuburg a.d.D.";"Versand
AufklÑBtl 3
LÅneburg";"49487
Outlook
20.02.-24.02.2023
Trainer";"RÅckholung
AufklÑBtl 3
LÅneburg";"Versand
Lkdo BW
Stuttgart";"49780
Outlook
13.03-17.03.2023
Derntl";"Vor
Ort";"49781
Outlook
27.03-31.03.2023
Buchner";"RÅckholung
Lkdo BW
Stuttgart";"Versand
SanAk
MÅnchen";"49165
Outlook
17.04-21.04.
Wimmer ";"49782
Outlook
24.04-28.04.2023
Hasenpflug";"Versand
SanöZ
Augustdorf";"50317
Outlook
08.05.-12.05.2023
Wernau";"Vor
Ort";"50318
Outlook
22.05.-26.05.2023
Wimmer";"RÅckholung
SanöZ
Augustdorf";"Weiterleitung
KdoLw
Kîln-Wahn";"50053
Outlook
12.06.-16.06.23
Post";"Lieferung - 50031
19.06. - 23.06.
Outlook 
Bethke";"50034
26.06. - 30.06.
Sharepoint
Albat";"50032
03.07. - 07.07.
Outlook 
Albat";"50035
10.07. - 14.07.
Sharepoint
K. SchÅler";"50033
17.07. - 21.07.
Outlook 
K. SchÅler";"50036
24.07. - 28.07.
Sharepoint
K. SchÅler";"RÅckholung
ABC Kdo
Bruchsal";"Versand
SCHITBw
Pîcking";"48523
Outlook
16.08.-18.08.
Derntl ";"Vor
Ort";"48524
Word Grundlagen
28.08.-01.09.
Derntl ";"48525
Excel Grundlagen
04.09.-08.09.
Derntl ";"Vor
Ort";"48631
Excel Grundlagen
18.09.-22.09.23
Derntl ";"48632
Excel Aufbau
25.09.-29.09.23
Derntl ";"48633
Excel Erg.
04.10-06.10.23
Derntl ";"48634
PPT
09.10.-13.10.23
Derntl ";"48526
PowerPoint
16.10.-27.10.
Derntl ";"48635
Outlook GL
23.10.-27.10.23
Derntl ";"48636
Outlook GL
06.11.-10.11.23
Derntl ";"Vor
Ort";"48637
SharePoint
13.11.-17.11.23
Hirschfeld";"48638
SharePoint
20.11.-24.11.23
Hirschfeld";"Vor
Ort";"Vor
Ort";"Vor
Ort";"48527
Outlook
18.12.-22.12.
Derntl ";"RÅckholung
SCHITBw
Pîcking";
AC 04;NH 04;;"A - 25 %
B - 15%";01.08.2023;27.01.2024;"AC_WIN10
21H2";;;;"Versand
LK NRW
Dumm'dorf";"49494
Excel
30.01.-03.02.
Gilles";"49495
Excel
06.02.-10.02.
Gilles";"RÅckholung
LK NRW
Dumm'dorf";;"Versand
SanReg 1
Wei·enfels";"49660
Word
06.03-10.03.2023
Boldin";"Versand
SanReg 4
Rheine";"49151
Excel
20.03-24.03.
Wernau ";"RÅckholung
SanReg 4
Rheine";"RÅckholung
SFJgDstBw
Hannover";"Versand
FJReg 2
Hilden";"49442
Kombi
17.04.-21.04.2023
Werrnau";"49447
Sharepoint 
24.04.-28.04.2023
Wernau";"Versand
ITBtl 383
Erfurt";"49178
Sharepoint
08.05.-12.05.
KÅttner ";"Vor
Ort";"49179
Outlook
22.05.-26.05.
KÅttner";"Vor
Ort";"Vor
Ort";"49181
Sharepoint
12.06.-16.06.
KÅttner ";"Lieferung - 49480
Outlook GL
19.06.-23.06.23
Buchner";"Weiterleitung
TakLwGsch 31
Nîrvenich";"50442
Sharepoint
03.07.-07.07.23
Rîsgen";"Weiterleitung
JgBtl 233
Mittenwald";"50335
17.07. - 21.07
Sharepoint
Albat";"RÅckholung
JgBtl 233
Mittenwald";"Versand
SchStAufBw
Flensburg";"50070
07.08. - 11.08.
Outlook 
Pehlke ";"50075
14.08. - 18.08.
Sharepoint 
Pehlke ";"50076
21.08. - 25.08.
Sharepoint 
Pehlke";"50077
28.08. - 01.09.
Sharepoint 
Pehlke ";"50071
04.09. - 08.09.
Outlook 
Pehlke";"50072
11.09. - 15.09.
Outlook 
Pehlke";"RÅckholung
SchStAufBw
Flensburg";;;;;;;;;;;;;;;
AC 05;NH 05;;"A - 34 %
B - 100 %";02.06.2023;28.11.2023;"AC_WIN10
21H2";"Versand
SFjg-StDstBw
Hannover";"49313
Word Grundlagen
09.01.-13.01.23
Dahlmann";"49314
Excel Grundlagen 
16.01.-20.01.23
Dahlmann";"49314
Outlook
23.01.-27.01.2023
Dahlmann";"49316
Excel Expert
30.01.-03.02.23
Dahlmann";"49317
Word Grundlagen
06.02.-10.02.2023
Dahlmann";"49318
Excel Grundlagen
13.02.-17.02.2023
Bothe";"49319
PowerPoint
20.02.-25.02.23
Bothe";"Vor
Ort";"49320
Outlook
06.03.-10.03.23
Dahlmann";"48321
Outlook
13.03.17.03.23
Dahlmann";"Vor
Ort";"49322
Outlook
27.02.-31.03.23
Dahlmann";"49768
Word GL
03.04.-07.04.23
Adam";"49769
Excel GL
10.04.-14.04.23
Adam";"Vor
Ort";"49770
PPT
24.04.-28.04.23
Adam";"49771
Outlook
01.05.-05.05.23
Adam";"49772
Outlook
08.05.-12.05.23
Adam";"Vor
Ort";"49773
Outlook
22.05.-26.05.23
Adam";"49774
Sharepoint
29.05.-02.06.23
Dahlmann";"50025
Outlook
05.06.-09.06.23
Schubert";"50026
Outlook
12.06.-16.06.23
Schubert";"49775
Sharepoint
19.06.-23.06.23
Zober";"50027
Outlook
26.06.-30.06.23
Adam";"50425
Excel Grundlagen
03.07.-07.07.2023
Pehlke";"50423
Word Grundlagen
10.-14.07.2023
Pehlke";"Vor
Ort";"50426
Outlook 
24.-28.07.2023
Dahlmann";"50427
Outlook
31.07-04.08.2023
Dahlmann";"Vor
Ort";"50429
SharePoint
14.-18.08.2023
Dahlmann ";"Vor
Ort";"50430
Excel Aufbau
28.08.-01.09.2023
Trainer";"Vor
Ort";"Vor
Ort";"50428
Outlook
18.-22.09.2023
Dahlmann";"Vor
Ort";"Vor
Ort";"50616
Excel Grundlagen
09.-13.10.2023
Dahlmann";"Vor
Ort";"50615
Outlook
23.-27.10.2023
Adam";"Vor
Ort";"Vor
Ort";"50617
Kombi
13.-17.11.2023
Dahlmann";"50618
PPT
20.-24.11.2023
Bothe";"RÅckholung
SFjg-StDstBw
Hannover";;;;;
AC 06 ;NH 06;;"A - 68 %
B - 32 %";24.07.2023;19.01.2024;"AC_WIN10
21H2";;"Versand
BAPersBw
Strausberg";"48561
Sharepoint GL
16.01.-20.01.2023
Pehlke";"RÅckholung
BAPersBw
Strausberg";"Versand
BAPers
St. Augustin";"48947
Sharepoint
06.02.-10.02.23
Hoets";"RÅckholung
BAPers
St. Augustin";"Versand
BwDLZ
Kaufbeuren";"49301
Sharepoint
27.02-03.03.
Hoets";"Versand
BwDLZ
Hammelburg";"49501
Kombi
13.03.-17.03.2023
Buchner ";"49502
Kombi
20.03.-24.03.2023
Hoets ";"49503
SharePoint
27.03.-31.03.2023
NÅrnberg";"RÅckholung
BwDLZ
Hammelburg";"Versand
ITBtl 292
Dillingen";"49478
Outlook
17.04.-21.04.2023
Buchner";"Vor
Ort";"Vor
Ort";"49483
SharePoint 
08.05.-12.05.2023
NÅrnberg";"RÅckholung
ITBtl 292
Dillingen";"Versand
SanREg 1
Wei·enfels";"Vor
Ort";"49663
Excel GL
05.06-09.06.2023
Adam ";"Weiterleitung
TAusLw
Kaufbeuren";"49905
19.06.-23.06.
PPT GL
Wimmer";"49906
26.06.-30.06.
Outlook
Wimmer";"49907
03.07.-07.07.
Sharepoint
Hoets ";"RÅckholung
TAusLw
Kaufbeuren";;;"Versand
LogZBw
Schortens";"50623
Outlook
07.08. - 11.08.23
Wernau";"50624
Outlook
14.08. - 18.08.23
Hasenpflug";"50625
Outlook
21.08. - 25.08.23
Trainer";"50629
Access
28.08. - 01.09.23
Trainer";"50626
Outlook
04.09. - 08.09.23
Trainer";"50627
Outlook
11.09. - 15.09.23
Trainer";"50628
Outlook
18.09. - 22.09.23
Trainer";"50630
Excel GL
25.09. - 29.09.23
Trainer";"Vor
Ort";"50631
Excel GL
09.10. - 13.10.23
Trainer";"50632
Excel AU
16.10. - 20.10.23
Trainer";"50633
Excel AU
23.10. - 27.10.23
Trainer";"Vor
Ort";"50634
PPT
06.11. - 10.11.23
Trainer";"50635
PPT
13.11. - 17.11.23
Trainer";"RÅckholung
LogZBw
Schortens";;;;;;
AC 07;NH 07;;"A - 25 %
B - 90 %";02.08.2023;28.01.2024;"AC_21H2
_Project19";;"Versand
PzGBrig 41
Neubrandenburg";"48528
Outlook
16.01.-20.01.
Schubert";"RÅckholung
PzGBrig 41
Neubrandenburg";"Versand
ZBrdSchBw
Blankenburg";"49297
Excel
06.02-10.02.
Wernau";"49299
Excel 
13.02-17.02.
Boldin";"49298
Excel 
20.02-24.02.
Boldin";"49300
Excel 
27.02-03.03.
Wernau";"49296
Outlook
06.03-10.03.
Wenau";"Vor
Ort";"49295
Outlook
20.03-24.03.
Wimmer";"RÅckholung
ZBrdSchBw
Blankenburg";;"Versand
Lkdo NRW
Dumm'dorf";"49498
Outlook
17.04.-21.04.2023
Jou·en";"49723
PPT
24.04.-28.04.23
Schubert";"Vor
Ort";"Vor
Ort";"Vor
Ort";"49745
Excel
22.05.-26.05.23
Joussen";"RÅckholung
LogBtl 163
Delmenhorst";"Versand
BWDepotSÅd
Pfungstadt";"49690
Outlook
12.06.-16.06.2023
Albat";"49694
Excel Aufbau
19.06.-23.06.2023
Messcerschmidt";"49691
Outlook
26.06.-30.06.2023
Buchner";"49692
Outlook
03.07.-07.07.2023
Derntl ";"49693
Excel Bonus
10.07.-12.07.2023
Derntl ";"49695
Sharepoint
17.07.-21.07.2023
Kubitzki";"49696
Project
24.07.-27.07.2023
Buchner";"RÅckholung
BWDepotSÅd
Pfungstadt";"Versand
LogBtl 163
Delmenhorst";"49746
14.08.-18.08.23
Excel AU
Bethke ";"49726
PPT GL
21.08.-25.08.23
Zober";"49715
Word GL
28.08.-01.09.23
Peschke ";"49742
04.09.-08.09.23
Word AU
Jou·en";"49747
11.09.-15.09.23
Excel AU
Bethke ";"Vor
Ort";"49754
25.09.-28.09.23
Project
Jou·en";"Vor
Ort";"49743
09.10.-13.10.23
Word AU
Damm";"49748
16.10.-20.10.23
Excel AU
Peschke";"RÅckholung
LogBtl 163
Delmenhorst";;;;;;;;;;
AC 08;NH 08;;"A - 13 %
B - 28 %";04.08.2023;30.01.2024;"AC_WIN10
21H2";;;"Versand
TAusbZLw
Fa·berg";"48387
Excel GL
23.01.-27.01.
Pehlke";"48388
Excel Aufbaui
30.01.-03.02.
Peschke ";"48389
Word Aufbau
06.01.-10.01.2023
Schubert ";"48390
SharePointGL 
13.02.-17.02.
Pehlke ";"RÅckholung
TAusbZLw
Fa·berg";"Versand
LogKdo
Erfurt";"49405
Excel 
06.-10.03.
Hoets";"49406
SharePoint
13.-17.03.
Hoets";"Versand
FA/UA Btl 2
Celle";"49854
Kombi
27.03.-31.03.20  Wernau";"RÅckholung
FA/UA Btl 2
Celle";"Versand
FlgRgt 2
Augustdorf";"49924
Outlook
17.04.-21.04.2023
Hasenpflug";"49928
Sharepoint
24.04.-28.04.2023
Messerschmidt";"Versand
BAPersBw
St. Augustin";"48955
Sharepoint 
08.05.-12.05.2023
Hoets";"Vor
Ort";"48957
Outlook
22.05.-26.05.2023
Wernau ";"Weiterleitung
BwDLZ
Lohheide";"50203
Kombi
05.06.-09.06.2023
Jou·en";"50204
Kombi
12.06.-16.06.2023
GrÅnholz";"50207
Outlook
19.06.-23.06.2023
Pehlke";"50208
SharePoint
26.06.-30.06.2023
Pehlke";"Weiterleitung
SanAk
MÅnchen";"49160
10.07-14.07.
Outlook
Wimmer";"49162
24.07.-21.07.
Outlook
Wimmer";"RÅckholung
SanAk
MÅnchen";;"Versand
PzPiBbtl1
Holzminden";"49807
Kombi
14.08..-18.08.2023
Adam";"49808
Kombi
21.08.-28.08.2023
Wernau";"RÅckholung
PzPiBbtl1
Holzminden";;;;;;;;;;;;;;;;;;
AC 09;NH 09;"AC-09-04
(HDD Lock)
kommt mit  
FU 04-01 zurÅck";"A - 17 %
B - 72 %";22.06.2023;18.12.2023;"AC_WIN10
21H2";;;"Versand
ElKfFBtl 912
Nienburg";"49324
SharePoint
23.01.-27.01.23
Hirschfeld";"49333
SharePoint
23.01.-03.02.
NÅrnberg";"49342
SharePoint
06.02.-10.02.
NÅrnberg";"49346
SharePoint
13.02.-17.02.
NÅrnberg";"49347
SharePoint
20.02.-24.02.
NÅrnberg";"49350
SharePoint
27.02.-03.03.
NÅrnberg";"49351
Word
06.03.-10.03.
Trainer";"49353
SharePoint
13.03.-17.03.
NÅrnberg";"49355
Outlook
20.03.-24.03.
Trainer";"49358
SharePoint
27.03.-31.03.
Pehlke";"49360
Excel Erg.
03.04-05.04.
Peschke";"Vor
Ort";"49361
Outlook
17.04.-21.04.
Dahlmann";"49363
SharePoint
24.04.-28.04
Dahlmann";"49367
Excel
02.05.-04.05.
Dahlmann";"49369
Outlook
08.05.-12.05.
Dahlmann";"Vor
Ort";"49371
SharePoint
22.05.-26.05.
Dahlmann";"Vor
Ort";"49373
Outlook
05.06.-09.06.
Dahlmann";"49375
SharePoint
12.06.-16.06.
Dahlmann";"49377
Outlook
19.06.-23.06.
Dahlmann";"49379
PowerPoint
26.06.-30.06.
Dahlmann";"49380
SharePoint
03.07.-07.07.
Jou·en";"49382
Outlook
10.07.-14.07.
Adam";"49384
SharePoint
17.07.-21.07.
Zober";"Vor
Ort";"Vor
Ort";"49389
Windows 10
07.08.-10.08.
Schubert";"49390
Excel
14.08-18.08.
Schubert";"49391
Excel
21.08.-25.08.
Schubert";"49393
Excel
28.08.-30.08.
Schubert";"Vor
Ort";"Vor
Ort";"Vor
Ort";"Vor
Ort";"Vor
Ort";"49399
Word
09.10.-13.10.
Schubert";"49400
Word
16.10.-20.10.
Schubert";"49401
Windows 10
23.10.-26.10.
Schubert";"Vor
Ort";"49402
Excel
06.11-10.11.
Schubert";"49403
Excel
13.11.-17.11.
Schubert";"49404
Excel
20.11.-22.11.
Schubert";"49416
Access
27.11.-01.12.
Schubert";"49417
PowerPoint
04.12.-08.12.
Schubert";"RÅckholung
ElKfFBtl 912
Nienburg";;;
AC 10;NH 24;;"A - 63 %
B - 46 %";30.06.2023;26.12.2023;"AC_WIN10
21H2";;;"Versand
ElKfFBtl 912
Nienburg";"49328
SharePoint
23.01.-27.01.23
NÅrnberg";"49334
Outlook
30.01.-03.02.
Wimmer";"49344
Outlook
06.02.-10.02.
Hasenpflug";"49345
Outlook
13.02.-17.02.
Wimmer";"49348
Outlook
20.02.-24.02.
Wimmer";"49349
Outlook
27.02.-03.03.
Adam";"49352
Access
06.03.-10.03.
Trainer";"49354
Word
13.03.-17.03.
Trainer";"49356
Excel
20.03.-24.03.
Zober";"49357
Excel
27.03.-31.03.
Wimmer";"49364
Windows 10
03.04.-06.04.
Dahlmann";"49365
Windows 10
11.04.-14.04.
Dahlmann";"49362
Excel
17.04-21.04.
Lorenz";"49366
Excel
24.04.-28.04.
Boldin";"49368
Windows 10
02.05.-05.05.
Jou·en";"49370
Access
08.05.-12.05.
Wilke-Thissen";"Vor
Ort";"49372
PowerPoint
22.05.-26.05.
Peschke";"Vor
Ort";"49374
Word
05.06.-09.06.
Peschke";"49376
Word
12.06.-16.06.
Jou·en";"49378
Access
19.06.-23.06.
Jou·en";"RÅckholung
ElKfFBtl 912
Nienburg";;"Versand
LogBtl 163
Delmenhorst";"49739
Sharepoint
17.07.-21.07.23
Schubert ";"49725
PPT GL
24.07.-28.07.23
Damm";"49714
Word GL
31.07.-04.08.23
Damm ";"49720
Excel GL
07.08.-11.08.23
Bethke";"49732
Outlook
14.08.-18.08.23
Jou·en";"Vor
Ort";"Vor
Ort";"49721
Excel GL
04.09.-08.09.23
Bethke ";"49733
Outlook
11.09.-15.09.23
Trainer";"49727
PPT GL
18.09.-22.09.23
Zober ";"49716
Word GL
25.09.-29.09.23
Bethke ";"Vor
Ort";"49722
Excel GL
09.10.-13.10.23
Peschke ";"49734
Outlook
16.10.-20.10.23
Trainer";"RÅckholung
LogBtl 163
Delmenhorst";;;;;;;;;;
AC 11;NH 11;;"A - 18 %
B - 38 %";24.07.2023;19.01.2024;"AC_WIN10
21H2";;;;;;"Versand
SanReg 4
Rheine";"49153
Word Grundlagen
13.02.-17.02.23 
Buchner";"RÅckholung
SanReg 4
Rheine";"Versand
SanAk
MÅnchen";"49167
Outlook
06.03-10.03.
Wimmer ";"Versand
EinsFÅB 3
Schînewalde";"49703
Outlook
20.03.-24.03.20  Mettke";"49704
Outlook
27.03.-31.03.20  Adam";"Vor
Ort";"Vor
Ort";"49705
Outlook
17.04.-21.04.20  Derntl";"49706
Outlook
24.04.-28.04.20  
Pehlke";"Vor
Ort";"49709
Sharepoint
08.05.-12.05.20  
Pehlke";"Vor
Ort";"49710
Sharepoint
22.05.-26.05.20  
Hirschfeld";"Vor
Ort";"49711
Sharepoint
05.06.-09.06.20  
Munteanu";"49712
Sharepoint
12.06.-15.06.20  
Hînisch";"Lieferung - 50040
Outlook
19.06.-23.06.23
GrÅnholz";"Vor
Ort";"Vor
Ort";"50041
Sharepoint
10.07.-14.07.2023
Jou·en";"RÅckholung
FJgRgt 2
Fritzlar";;;;"Versand
BAMAD
Kîln";"50119
Outlook
21.08.-25.08..2023
Wilke-Thissen";"50120
Outlook
28.08.-01.09..2023
NÅrnberg";"50121
Outlook
04.09.-08.09.2023
Gîebel ";"50122
Outlook
11.09.-15.09.2023
Schubert";"RÅckholung
BAMAD
Kîln";;;;;;;;;;;;;;;
AC 12;NH 12;;"A - 73 %
B - 99 %";26.07.2023;21.01.2024;"AC_WIN10
21H2";;;"Versand
BwDepSued
Pfungstadt";"49084
Outlook
23.01.-27.01.
Albat";"RÅckholung
BwDepSued
Pfungstadt";;"Versand
ITBtl 383
Erfurt";"49175
Outlook
20.02.-24.02.
Buchner";"49176
Sharepoint
27.02.-03.03.
Albat";"49177
Outlook
06.03.-10.03.
Damm";"RÅckholung
ITBtl 383
Erfurt";"Versand
LKdo Saarland
Saarlouis";"49676
Outlook 
27.03.-31.03.2023
Albat";"Vor
Ort";"Vor
Ort";"49677
Outlook 
17.04.-21.04.2023
Albat";"49679
Outlook 
24.04.-28.04.2023
Hoets";"Vor
Ort";"49680
Sharepoint 
08.05.-12.05.2023
Albat";"Vor
Ort";"49683
Sharepoint 
22.05.-26.05.2023
Hoets ";"Vor
Ort";"Vor
Ort";"49684
Sharepoint 
12.06.-16.06.2023
Hoets ";"Lieferung - 49783
Outlook
19.06-23.06.23
Derntl";"Vor
Ort";"Vor
Ort";"49784
Outlook
10.07-14.07.2023
Buchner";"RÅckholung
Lkdo BW
Stuttgart";;;;"Versand
ElKfFBtl 912
Nienburg";"49392
Word GL
21.08.-25.08.2023
Dahlmann";"49394
Word Aufbau
28.08.-01.09.2023
Dahlmann";"RÅckholung
ElKfFBtl 912
Nienburg";;;;;;;;;;;;;;;;;
HP 13;NH 13;;"A - 78 % 
B - 57 %";07.06.2023;03.12.2023;"HP_21H2
_Project19";;;;;;;;;;;;;;;;;"Versand
BAMAD
Kîln";"50105
Excel Grundlagen
02.05.-06.05.2023
Lorenz";"50107
Excel Aufbau
08.05.-12.05.2023
Lorenz";"Vor
Ort";"Vor
Ort";"Vor
Ort";"Vor
Ort";"50110
PPT
12.06.. -16.06..23
Lorenz";"50111
PPT
19.06.-23.06..23
Lorenz";"Lieferung - 49752
Project
26.06.-29.06.23
Schubert";"Vor
Ort";"49719
Excel GL
10.07.-14.07.23
Schubert";"RÅckholung
LogBtl 163
Delmenhorst";;;;;;;;;;;;;;;;;;;;;;;;
AC 14;NH 14;;"A -100 %
B -82 %";07.08.2023;02.02.2024;"AC_WIN10
21H2";;;;;;;;;;;"Versand
LogBtl 171
Burg";"RÅckholung
LogBtl 171
Burg";;"Versand
MUKdo
Schortens";"49822
Windows10
11.04. - 14.04.23
Schubert";"49823
Word GL
17.04. - 21.04.23
Bothe";"49824
Word 
24.04. - 28.04.23
Bethke";"49825
Windows10
02.05. - 05.05.23
Hasenpflug";"49826
Outlook
08.05. - 12.05.23
Hasenpflug";"Vor
Ort";"Vor
Ort";"Vor
Ort";"49831
Excel GL
05.06. - 09.06.23
Bothe";"49832
Excel AU
12.06. - 16.06.23
Bothe";"49833
Kombi
19.06. - 23.06.23
Bothe";"49827
Outlook
26.06. - 30.06.23
Jou·en";"Weiterleitung
Lkdo MV
Schwerin";"49835
Sharepoint
10.07.-14.07.23
Zober";"RÅckholung
Lkdo MV
Schwerin";;;;"Versand
BwDLZ
Burg";"50323
Access
21.08.-25.08.2023
KÅttner ";"RÅckholung
BwDLZ
Burg";;;;;;;;;;;;;;;;;;
AC 15;NH 15;"AC 15-02
flackert";"A - 97 %
B - 22 %";13.07.2023;08.01.2024;"AC_WIN10
20H2 (i7)";;;;"Versand
LufLaBrg 1
Saarlouis";"49085
Kombi 
30.01.-03.02
Albat";"Vor
Ort";"Vor
Ort";"49089
Kombi 
20.02.-24.02.
Albat";"Versand
BAPersBw
Kîln";"48907
Sharepoint
06.03.-10.03.2023
Hirschfeld ";"49496
Kombi
13.03.-17.03.2023
Post ";"49497
Outlook
20.03.-24.03.2023
Post ";"RÅckholung
Lkdo NRW
Dumm'dorf";;;"Versand
Lkdo SWK
Todtnau-Fahl";"49764
Outlook
24.04.-28.04.2023
Buchner";"Vor
Ort";"49765
Outlook
08.05.-12.05.2023
Wimmer";"RÅckholung
Lkdo SWK
Todtnau-Fahl";"Versand
MFGeschw
Wurster";"Vor
Ort";"49758
Word AU
05.06.-09.06.2023
Hasenpflug";"49759
Excel AU
12.06.-16.06.2023
Schlossarek";"49760
Outlook 
19.06.-23.06.2023
Schlossarek";"Weiterleitung
MOpSCH
Bremerhaven";"48797
PPT GL 
03.07.-07.07.23
Peschke";"RÅckholung
MOpSCH
Bremerhaven";;"Versand
LogZBw
Wilhelmshaven";"50608
Outlook
31.07. - 04.08.23
GrÅnholz";"50609
Outlook
07. - 11.08.2023
NÅrnberg";"50610
Outlook
14. - 18.08.2023
Hirschfeld";"50611
Outlook
21. - 25.08.2023
GrÅnholz";"50612
Outlook
28.08. - 01.09.23
Trainer";"50636
Outlook
04.09. - 08.09.23
Trainer";"50637
Outlook
11.09. - 15.09.23
Trainer";"50638
Outlook
18.09. - 22.09.23
Trainer";"50639
Excel GL
25.09. - 29.09.23
Trainer";"Vor
Ort";"50640
Excel GL
25.09. - 29.09.23
Trainer";"50641
Excel AU
16.10. - 20.10.23
Trainer";"50642
Excel AU
23.10. - 27.10.23
Trainer";"Vor
Ort";"50643
Sharepoint
06.11. - 10.11.23
Trainer";"50644
Sharepoint
13.11. - 17.11.23
Trainer";"RÅckholung
LogZBw
Wilhelmshaven";;;;;;
AC 16;NH 16;;"A - 96 %
B - 97 %";07.08.2023;02.02.2024;"AC_WIN10
21H2";;;;"Versand
PzGrbtl 212
Augustdorf";"49486
30.01-03.02.
Outlook
Wernau";"Vor
Ort";"49171
13.02-17.02.
Outlook
Dahlmann";"49170
20.02-24.02.
Outlook
Dahlmann";"49290
27.02-03.03.
Outlook
Dahlmann";"49291
27.02-03.03.
Outlook
NÅrnberg";"RÅckholung
PzGrbtl 212
Augustdorf";"Versand
LLPiKp 260
Saarlouis";"49088
Kombi 
27.03.-31.03.2023
GrÅnholz";"Vor
Ort";"Vor
Ort";"Vor
Ort";"50129
Outlook 
24.04.-28.04.2023
Dohmen";"Versand
ArtLehrBtl
Munster";"50133
Outlook
08.05.-12.05.2023
Weise";"Vor
Ort";"50134
Excel Grundlagen
22.05.-26.05.2023
GrÅnholz ";"RÅckholung
ArtLehrBtl
Munster";"Weiterleitung
Lkdo MV
Schwerin";"49834
Outlook
12.06.-16.06.23
Adam";"Lieferung - 49504
Outlook
19.06.-23.06.23
Post";"49505
Outlook
26.06.-30.06.2023
Post";"Weiterleitung
ArtBtl 345
Idar-Oberstein";"50413
Kombi
10.07.-14.07.23
Hirschfeld";"RÅckholung
ArtBtl 345
Idar-Oberstein";;;;"Versand
BAPers
Dumm'dorf";"49464
SharePoint 
21.08.-25.08.2023
NÅrnberg";"RÅckholung
BAPers
Dumm'dorf";;;;;;;;;;;;;;;;;;
AC 17;NH 17;;"A - 41 %
B - 24 %";08.08.2023;03.02.2024;"AC_WIN10
21H2";;;;;;;;;;"Versand
Logbtl 161
Delmenhorst";"49738
Sharepoint
13.03.-17.03.23
Trainer";"49728
Outlook
20.03.-24.03.23
Schubert";"RÅckholung
Logbtl 161
Delmenhorst";;"Versand 
LogBtl 163
Delmenhorst";"Vor
Ort";"49713
Word
24.04.-28.04.23
Zober";"49751
Excel
02.05.-04.05.23
Zober";"49718
Excel
08.05.-12.05.23
Schubert";"Vor
Ort";"49730
Outlook
22.05.-26.05.23
Hasenpflug";"RÅckholung
LogBtl 163
Delmenhorst";"Versand
SanReg 4
Rheine";"49149
12.06-16.06.
PPT
Wilke-Thissen";"Lieferung - 50414
Sharepoint
19.06.-23.06.23
K. SchÅler";"Weiterleitung
BSpA
HÅrth";"50431
Outlook 
03.-07.07.23
Kubitzki";"50435
Outlook
10.-14.07.23
Post";"50436
Excel Grundlagen
17.-21.07.23
Post";"50437
PowerPoint
24.-28.07.23
Post";"RÅckholung
BSpA
HÅrth";;"Versand
Lkdo NRW
Dumm'dorf";"49499
SharePoint
21.08.-25.08.2023
Hoets ";"RÅckholung
Lkdo NRW
Dumm'dorf";;;;;;;;;;;;;;;;;;
AC 18;NH 18;;"A - 100 %
B - 11 %";09.08.2023;04.02.2024;"AC_WIN10
21H2";;;;;"Versand
SchITBw
Pîcking";"48613
Kombi
06.02.-10.02.23
Derntl";"48519
Excel Grundlagen
13.02.-17.02.
Derntl";"48614
PPT GL
20.02.-24.02.23
Derntl";"48520
Word Grundlagen
27.02.-03.03.
Derntl";"48615
Word GL
06.03.-10.03.23
Derntl";"48616
Word AU
13.03.-17.03.23
Derntl ";"48618
Outlook
20.03.-24.03.23
Derntl";"48619
Outlook
27.03.-31.03.23
Derntl ";"48620
Outlook
03.04.-07.04.23
Derntl ";"48621
Outlook
11.04.-14.04.23
Derntl ";"Vor
Ort";"48521
PowerPoint
24.04.-28.04.
Derntl";"48522
Outlook
02.05.-05.05
Derntl";"48622
PPT
08.05.-12.05.23
Derntl ";"Vor
Ort";"48623
Word Grundlagen
22.05.-26.05.23
Derntl ";"Vor
Ort";"Vor
Ort";"48625
Excel Grundlagen
12.06.-16.06.23
Derntl ";"48626
Excel Aufbau
19.06.-23.06.23
RÑke";"48627
Outlook GL
26.06.-30.06.23
Derntl";"48628
SharePoint
03.07.-07.07.23
Dahlmann";"48629
SharePoint
10.07.-14.07.23
Dahlmann";"48630
SharePoint 
17.07.-21.07.2023
Dahlmann";"RÅckholung
SCHITBw
Pîcking";;;"Versand
ZCSBw
Euskirchen";"49947
Excel Aufbau
21.08.-25.08.2023
Albat";"49948
Excel ErgÑnzung
28.08.-30.08.2023
Trainer ";"RÅckholung
ZCSBw
Euskirchen";;;;;;;;;;;;;;;;;
HP 19;NH 19;;"A -100 %
B - 62 %";14.08.2023;09.02.2024;"HP_21H2
_Project19";;;;;;;;;;;;;;;;;;;;;;;"Versand
Mars
Rostock";"50135
Project
12.06.-16.06.2023
Hirschfeld";"Lieferung - 49945
Outlook
19.06.-23.06.23
Gîbel";"49946
SharePoint
26.06.-30.06.2023
Rîsgen";"Weiterleitung
ArtBtl 345
Idar-Oberstein";"50412
Kombi
10.07.-14.07.23
Bethke";"RÅckholung
ArtBtl 345
Idar-Oberstein";;;;;;;;;;;;;;;;;;;;;;;;
AC 20;NH 20;;"A - 100%
B - 100%";09.08.2023;04.02.2024;"AC_WIN10
21H2";;;;;;"Versand
LogBtl 171
Burg";"49432
Outlook
13.02.-17.02.2023
KÅttner ";"49433
Outlook 
20.02.-24.02.2023
KÅttner";"49434
Outlook 
27.02.-03.03.2023
KÅttner";"49435
Outlook 
06.03.-10.03.2023
KÅttner ";"49436
Outlook 
13.03.-17.03.2023
KÅttner ";"49441
SharePoint 
20.03.-24.03.2023
KÅttner";"49444
SharePoint 
27.03.-31.03.2023
KÅttner ";"RÅckholung
LogBtl 171
Burg";"Versand
SchStAufBw
Flensburg";"50063
17.04. - 21.04.
Outlook 
Schubert";"50064
24.04. - 28.04.
Outlook 
Karsten SchÅler";"Vor
Ort";"50073
08.05. - 12.05.
Sharepoint
Rîsgen";"Vor
Ort";"50065
22.05. - 26.05.
Outlook 
Pehlke";"Vor
Ort";"50074
05.06. - 09.06.
Sharepoint
Pehlke";"50066
12.06. - 16.06.
Outlook 
Pehlke";"50067
19.06. - 23.06.
Outlook 
Schubert";"Vor
Ort";"50069
03.07. - 07.07.
Outlook 
Schubert";"RÅckholung
SchStAufBw
Flensburg";;;;;"Versand
ITBtl 282
Kastellaun";"48643
Excel GL
21.08.-25.08.23
Lorenz";"48645
Excel AU
28.08.-01.09.2023
Lorenz ";"48646
Excel Bonus
04.09.-06.09.2023
And. Hoffmann";"48647
Word GL
11.09.-15.09.2023
Wilke-Thissen";"48648
Word AU
18.09.-22.09.2023
Wilke-Thissen ";"RÅckholung
ITBtl 282
Kastellaun";;;;;;;;;;;;;;
AC 21;NH 21;;"A - 34 %
B - 76 %";08.08.2023;03.02.2024;"AC_WIN10
21H2";;;;;;"Versand
FJReg 2
Hilden";"49438
Kombi
13.02.-17.02.2023
Post";"49440
Sharepoint 
20.02.-24.02.2023
Hoets";"Versand
BAPersBw
Dumm'dorf";" Vor
Ort";"49465
Excel 
13.03.-17.03.2023
Jou·en";"49466
Outlook 
20.03.-24.03.2023.
Jou·en ";"Vor
Ort";"Vor
Ort";"Vor
Ort";"Vor
Ort";"49468
Excel 24.04.-28.04.2023
Lorenz ";"RÅckholung
BAPersBw
Dumm'dorf";;"Versand
HubGeschw 64
Laupheim";"49847
Sharepoint
22.05-26.05.
NÅrnberg";"Vor
Ort";"Vor
Ort";"49849
Word GL
12.06-16.06.
Wimmer";"49850
Word AU
19.06-23.06.
Hoets";"Vor
Ort";"Vor
Ort";"49851
Excel GL
10.07-14.07.
Hoets";"49852
Excel AU
17.07-21.07.
Hoets";"RÅckholung
HubGeschw 64
Laupheim";;;"Versand
ZKfWBw
Mînchengladbach";"50667
SharePoint
21. - 25.08.2023
Jou·en";"RÅckholung
ZKfWBw
Mînchengladbach";;;;;;;;;;;;;;;;;;
AC 22;NH 22;;"A - 50 %
B - 16 %";17.08.2023;12.02.2024;"AC_21H2
_Project19";;;;;;"Versand
JÑBtl 91
Rotenburg 
a. d. WÅmme";"48904
Outlook
13.02.-17.02.2023
Wernau";"48906
Outlook
20.02.-24.02.2023
Wernau";"48895
Sharepoint
27.02.-03.03.2023
 Schubert";"48899
Sharepoint
06.03.-10.03.2023
Schubert";"RÅckholung
JÑBtl 91
Rotenburg
a. d. WÅmme";"Versand
SanDBw
Kobllenz";"RÅckholung
SanDBw
Kobllenz";;"Versand
SanREg 1
Wei·enfels";"49662
Outlook
17.04-21.04.2023
Boldin ";"49407
Outlook GL
24.-28.04.
KÅttner";"Vor
Ort";"49697
Kombi
08.05.-12.05.2023
Boldin";"Vor
Ort";"Vor
Ort";"Vor
Ort";"49408
Outlook GL
05.-09.06.
KÅttner";"Vor
Ort";"49409
Kombi
19.-23.06.
KÅttner ";"Weiterleitung
KdoSanEins
Wei·enfels";"49664
Word
03.07-07.07.23
Adam";"Weiterleitung
Lkdo BY
MÅnchen";"49484
Word GL
17.07.-21.07.2023
Derntl";"49485
Outlook
24.07.-28.07.2023
Derntl ";"RÅckholung
Lkdo BY
MÅnchen";;;;;;;;;;;;;;;;;;;;;;
AC 23;NH 23;;"A - 33 %
B - 70 %";06.06.2023;02.12.2023;"AC_21H2
_Project19";;;;;;;;"Versand
KdoITBw
Bonn";"48303
Excel
27.02. - 03.03.
Gilles ";"48304
Outlook 
06.03. - 10.03.
Post ";"48305
Sharepoint
13.03. - 17.03.
Schlossarek";"48354
Excel
20.03. - 24.03.
Gilles";"Vor
Ort";"48416
Excel Erg.
03.04. - 05.04.
Gilles";"Vor
Ort";"48355
Outlook
17.04. - 21.04.
Gîbel";"49943
Word GL
24.04.-28.04.2023
Gîbel";"Versand
KdoITBw
Bonn";"48358
PowerPoint 
08.05. - 12.05.
Gîbel";"Vor
Ort";"48360
Outlook 
22.05. - 26.05.
Post ";"Vor
Ort";"Vor
Ort";"48361
Word GL
12.06. - 16.06.
Gilles ";"48362
Excel GL
19.06. - 23.06
Gilles ";"48363
Project 
26.06. - 28.06.
Gîbel ";"48364
Word Aufbau
03.07. - 07.07.
Gilles ";"48418
Excel Aufbau
10.07. - 14.07.
Gilles";"Vor
Ort";"Vor
Ort";"48422
Sharepoint
31.07. - 04.08.
 Schlossarek ";"Vor
Ort";"Vor
Ort";"48420
Outlook 
21.08. -25.08.
Post";"48426   
Access
   28.08. - 01.09
Wilke-Thissen";"48427
Excel GL              04.09. - 08.09.23
Post ";"48424
Sharepoint 
11.09. - 15.09. Schlossarek ";"48428 
Excel Aufbau
18.09. - 22.09.23
Gilles         ";"Vor
Ort";"Vor
Ort";"48429        
Access
09.10. - 13.10.
Wilke-Thissen";"48425         
Sharepoint
16.10. - 19.10.
 Schlossarek";"48430            
Project 
 23.10. - 26.10.
Gîbel";"RÅckholung
KdoIT
Bonn";;;;;;;;;
HP 24;"NH 25
";;"A - 97 %
B - 29 %";15.08.2023;10.02.2024;"HP_21H2
_Project19";;;;;;;;;;;;;;;;;;;;;;;;"Versand
JgBtl 233
Mittenwald";"50334
19.06. - 23.06.
Sharepoint
NÅrnberg";"Weiterleitung
FlAbRaGrp
Bad SÅlze";"50399
Excel Grundlagen
03.07.-07.07.23
Graalfs";"50400
Excel Aufbau
10.07.-14.07.2023
Munteanu";"RÅckholung
FlAbRaGrp
Bad SÅlze";;;;;;;;;;;;;;;;;;;;;;;;
HP 25;;;"A - 0 %
B - 0 %";;;"HP_21H2
_Project19_II";;;;;;;;;;;;;;;;;;;;;;;;;;;;;;;;;;;;;;;;;;;;;;;;;;;;;
HP 26;;;"A - 0 %
B - 0 %";;;"HP_21H2
_Projec19_II";;;;;;;;;;;;;;;;;;;;;;;;;;;;;;;;;;;;;;;;;;;;;;;;;;;;;
HP 30;;"4 GB RAM
+
HDD";;+;;;;;;;;;;;;;;;;;;;;;;;;;;;"Versand
dzo
Oldenburg";"48019
Office GK
26.06.-30.06.23
Wernau";"Vor
Ort";"48020
Office AK
10.07.-14.07.25
Wernau";"RÅckholung
dzo
Oldenburg";;;;;;;;;;;;;;;;;;;;;;;;
;;;;;;;;;;;;;;;;;;;;;;;;;;;;;;;;;;;;;;;;;;;;;;;;;;;;;;;;;;;
"= 
Versandfertig";"= 
Im Lager";"=
Unterwegs";"=
Reparatur";"=
ZurÅcksetzen + KMS Aktivierung";"=
ZurÅcksetzen";"=
Imagen";;;;;;;;;;;;;;;;;;;;;;;;;;;;;;;;;;;;;;;;;;;;;;;;;;;;;
;;;;;;;;;;;;;;;;;;;;;;;;;;;;;;;;;;;;;;;;"Versand
KalBw
Kleinaitingen";"50670
28.08. - 01.09.2023
Outlook
RÑke";"50672
04. - 08.09.2023
Excel GL
Trainer";"50675
11. - 15.09.2023
Excel Aufbau
Trainer";"50674
18. - 20.09.2023
Excel Bonus
Trainer";"RÅckholung
KalBw
Kleinaitingen";;;;;;;;;;;;;;
;;;;;;;;;;;;;;;;;;;;;;;;;;;;;;;;;;;;;;;;"Versand
BwKrhs
Hamburg";"50456
Excel Aufbau
28.08.-01.09.2023
Zober";"RÅckholung
BwKrhs
Hamburg";;;;;;;;;;;;;;;;;
;;;;;;;;;;;;;;;;;;;;;;;;;;;;;;;;;;;;;;;;"Versand
Lkdo BW
Stuttgart";"49785
Outlook
28.08-01.09.2023
Buchner ";"RÅckholung
Lkdo BW
Stuttgart";;;;;;;;;;;;;;;;;
;;;;;;;;;;;;;;;;;;;;;;;;;;;;;;;;;;;;;;;;"Versand
FlAbRaGrp
Bad SÅlze";"50549
PPT
28.08. - 01.09.2023
Trainer";"RÅckholung
FlAbRaGrp
Bad SÅlze";;;;;;;;;;;;;;;;;
;;;;;;;;;;;;;;;;;;;;;;;;;;;;;;;;;;;;;;;;;"Versand
Lkdo RLP
Mainz";"49687
Excel Aufbau
04.09.-08.09..2023
GrÅnholz";"RÅckholung
Lkdo RLP
Mainz";;;;;;;;;;;;;;;;
;;;;;;;;;;;;;;;;;;;;;;;;;;;;;;;;;;;;;;;;;"Versand
BwDLZ
Lohheide";"50205
Kombi
04.09.-08.09.2023
Dahlmann";"50210
Excel GL 
11.09.-15.09.2023
Dahlmann ";"50212
Excel GL 
18.09.-22.09.2023
Pehlke";"RÅckholung
BwDLZ
Lohheide";;;;;;;;;;;;;;
;;;;;;;;;;;;;;;;;;;;;;;;;;;;;;;;;;;;;;;;;"Versand
BwDLZ
Augustdorf";"50482
Outlook
04.09.-08.09.2023
Trainer";"Vor
Ort";"50484
Outlook
18.09. - 22.09.2023
Trainer";"RÅckholung
BwDLZ
Augustdorf";;;;;;;;;;;;;;
;;;;;;;;;;;;;;;;;;;;;;;;;;;;;;;;;;;;;;;;;"Versand
Lkdo HB
Bremen";"50557
Outlook
04.09.-08.09.2023
Trainer";"50558
Outlook
11.09.-15.09.2023
Trainer";"50559
Sharepoint
18.09.-22.09.2023
Trainer";"50560
Sharepoint
25.09.-29.09.2023
Trainer";"RÅckholung
Lkdo HB
Bremen";;;;;;;;;;;;;
;;;;;;;;;;;;;;;;;;;;;;;;;;;;;;;;;;;;;;;;;"Versand
KalZBw
Mechernich";"50714
Outlook
04.09.-08.09.2023
Trainer";"Vor
Ort";"50715
Outlook
18.09.-22.09.2023
Trainer";"RÅckholung
KalZBw
Mechernich";;;;;;;;;;;;;;
;;;;;;;;;;;;;;;;;;;;;;;;;;;;;;;;;;;;;;;;;"Versand
ITBtl 281
Gerolstein";"50550
Outlook
04.09.-08.09.2023
Trainer";"RÅckholung
ITBtl 281
Gerolstein";;;;;;;;;;;;;;;;
;;;;;;;;;;;;;;;;;;;;;;;;;;;;;;;;;;;;;;;;;"Versand
GöZ
Gardelegen";"50645
04.09. - 08.09.
Sharepoint
K.SchÅler";"RÅckholung
GöZ
Gardelegen";;;;;;;;;;;;;;;;
;;;;;;;;;;;;;;;;;;;;;;;;;;;;;;;;;;;;;;;;;"Versand
PzGrenBtl
Bad Salzungen";"50798
Sharepoint
04.09.-08.09.2023
Trainer";"RÅckholung
PzGrenBtl
Bad Salzungen";;;;;;;;;;;;;;;;
;;;;;;;;;;;;;;;;;;;;;;;;;;;;;;;;;;;;;;;;;"Versand
MUKdo
Schortens";"50669
Outlook
04. - 08.09.2023
Trainer";"50671
Excel GL
11. - 15.09.2023
Trainer";"50673
Word GL
18. - 22.09.2023
Trainer";"RÅckholung
MUKdo
Schortens";;;;;;;;;;;;;;
;;;;;;;;;;;;;;;;;;;;;;;;;;;;;;;;;;;;;;;;;;"Versand
LogKdo
Erfurt";"49410
Outlook GL
11.-15.09.
Boldin";"RÅckholung
LogKdo
Erfurt";;;;;;;;;;;;;;;
;;;;;;;;;;;;;;;;;;;;;;;;;;;;;;;;;;;;;;;;;;"Versand
MFG 5
Wurster";"49761
Word AU
11.09.-15.09.92023
Schubert";"49762
Excel AU
18.09.-22.09.2023
Schubert ";"49763
Outlook
25.09.-29.09.2023
Schubert";"RÅckholung
MFG 5
Wurster";;;;;;;;;;;;;
;;;;;;;;;;;;;;;;;;;;;;;;;;;;;;;;;;;;;;;;;;"Versand
Lkdo MV
Schwerin";"50716
Outlook
11.09.-15.09.2023
Trainer ";"RÅckholung
Lkdo MV
Schwerin";;;;;;;;;;;;;;;
;;;;;;;;;;;;;;;;;;;;;;;;;;;;;;;;;;;;;;;;;;"Versand
BAPers
Kîln";"48912
Outlook 
11.09.-15.09.2023
Post ";"RÅckholung
BAPers
Kîln";;;;;;;;;;;;;;;
;;;;;;;;;;;;;;;;;;;;;;;;;;;;;;;;;;;;;;;;;;;"Versand
BwDLZ
Burg";"49453
Excel Grundlagen
18.09.-22.09.2023
KÅttner ";"Vor
Ort";"49455
Excel ErgÑnzung
04.10.-06.10.2023
KÅttner ";"49456
PowerPoint 
09.10.-13.10.2023
KÅttner ";"RÅckholung
BwDLZ
Burg";;;;;;;;;;;
;;;;;;;;;;;;;;;;;;;;;;;;;;;;;;;;;;;;;;;;;;;"Versand
SanReg 3
Dornstadt";"50612
Outlook
18.09.-22.09.2023
RÑke";"50613
Sharepoint
25.09.-29.09.2023
Dohmen";"RÅckholung
SanReg 3
Dornstadt";;;;;;;;;;;;;
;;;;;;;;;;;;;;;;;;;;;;;;;;;;;;;;;;;;;;;;;;;"Versand
ITBtl 292
Dillingen";"49474
Excel Grundlagen
18.09.-22.09.2023
Buchner";"RÅckholung
ITBtl 292
Dillingen";;;;;;;;;;;;;;
;;;;;;;;;;;;;;;;;;;;;;;;;;;;;;;;;;;;;;;;;;;"Versand
ZBrdSchBw
Uedem";"50467
Kombi
18.09.-22.09.2023
Trainer";"RÅckholung
ZBrdSchBw
Uedem";;;;;;;;;;;;;;
;;;;;;;;;;;;;;;;;;;;;;;;;;;;;;;;;;;;;;;;;;;"Achtung !
PROJECT KURS";"Versand
TerrFÅKdoBw
Berlin";"50733
Excel GL
25.09. - 29.09.2023
Albat";"50734
Excel Bonus
04.10. - 06.10.2023
Schubert ";"50735
Excel Bonus
09.10. - 11.10.2023
Munteanu";"50736
Project
16.10. - 20.10.2023
Munteanu";"50737
Outlook
23.10. - 27.10.2023
Munteanu";"50738
Word AU
30.10. - 03.11.2023
Tîpfer ";"50739
Excel AU
06.11. - 10.11.2023
Munteanu";"50740
Excel AU
13.11. - 17.11.2023
Tîpfer";"50741
PPT
20.11. - 24.11.2023 
Tîpfer ";"RÅckholung
TerrFÅKdoBw
Berlin";;;;;
;;;;;;;;;;;;;;;;;;;;;;;;;;;;;;;;;;;;;;;;;;;;"Versand
AufKlBtl 
Ahlen";"50415
Sharepoint
25.09.-29.09.2023
Dahlmann";"RÅckholung
AufKlBtl 
Ahlen";;;;;;;;;;;;;
;;;;;;;;;;;;;;;;;;;;;;;;;;;;;;;;;;;;;;;;;;;;"Versand
BwFw
Munster";"50692
25.09. - 29.09.
Kombi
Trainer";"RÅckholung
BwFw
Munster";;;;;;;;;;;;;
;;;;;;;;;;;;;;;;;;;;;;;;;;;;;;;;;;;;;;;;;;;;"Versand
Lkdo BW
Todtnau-Fahl";"49766
Outlook
25.09.-29.09.2023
Wimmer ";"RÅckholung
Lkdo BW
Todtnau-Fahl";;;;;;;;;;;;;
;;;;;;;;;;;;;;;;;;;;;;;;;;;;;;;;;;;;;;;;;;;;;;"Versand
BerTröbPlKdtr Lohheide";"50718
Outlook
09.10.-13.10.2023
Trainer";"50719
Word GL
16.10.-20.10.2023
Trainer";"RÅckholung
BerTröbPlKdtr Lohheide";;;;;;;;;;
;;;;;;;;;;;;;;;;;;;;;;;;;;;;;;;;;;;;;;;;;;;;;;"Versand
Lkdo RLP
Mainz";"49688
Excel AU 
09.10.-13.10..2023
GrÅnhlolz";"RÅckholung
Lkdo RLP
Mainz";;;;;;;;;;;
;;;;;;;;;;;;;;;;;;;;;;;;;;;;;;;;;;;;;;;;;;;;;;"Versand
AufLehrBtl 3
LÅneburg";"49702
SharePoint
09.10.-13.10.2023
Zober";"RÅckholung
AufLehrBtl 3
LÅneburg";;;;;;;;;;;
;;;;;;;;;;;;;;;;;;;;;;;;;;;;;;;;;;;;;;;;;;;;;;"Versand
ElKfFBtl 912
Nienburg";"49399
Word
09.10.-13.10.2023
Schubert";"49400
Word
16.10.-20.10.2023
Schubert";"49401
Windows 10
23.10.-26.10.2023
Schubert ";"Vor
Ort";"49402
Excel
06.11-10.11.2023
Schubert";"49403
Excel
13.11.-17.11.2023
Schubert";"49404
Excel
20.11.-22.11.2023
Schubert";"49416
Access
27.11.-01.12.2023
Schubert";"49417
PowerPoint
04.12.-08.12.2023
Schubert";"RÅckholung
ElKfFBtl 912
Nienburg";;;
;;;;;;;;;;;;;;;;;;;;;;;;;;;;;;;;;;;;;;;;;;;;;;"Versand
ITBtl 281
Gerolstein";"50551
Word GL
09.10.-13.10.2023
Trainer";"Vor
Ort";"50553
Word AU
23.10.-27.10.2023
Trainer";"RÅckholung
ITBtl 281
Gerolstein";;;;;;;;;
;;;;;;;;;;;;;;;;;;;;;;;;;;;;;;;;;;;;;;;;;;;;;;"Versand
ZBrdSchBw
Graben";"50521
09.10. - 13.10.
Kombi
Trainer";"RÅckholung
ZBrdSchBw
Graben";;;;;;;;;;;
;;;;;;;;;;;;;;;;;;;;;;;;;;;;;;;;;;;;;;;;;;;;;;"Versand
BwDLZ
Kaufbeuren";"50377
10.10.-12.10
Excel 
Trainer";"50532
Sharepoint
16. - 20.10.
Albat";"50533
Outlook
23. - 27.10.
Albat";"RÅckholung
BwDLZ
Kaufbeuren";;;;;;;;;
;;;;;;;;;;;;;;;;;;;;;;;;;;;;;;;;;;;;;;;;;;;;;;"Versand
LogBtl 472
KÅmmersbrÅck";"50341
13.10. - 13.10.
Outlook 
Boldin ";"50342
16.10. - 20.10.
Outlook 
Boldin";"50343
23.10. - 27.10.
Outlook 
Boldin ";"Vor
Ort";"50344
06.11. - 10.11.
Sharepoint 
Albat";"RÅckholung
LogBtl 472
KÅmmersbrÅck";;;;;;;
;;;;;;;;;;;;;;;;;;;;;;;;;;;;;;;;;;;;;;;;;;;;;;"Versand
HubGesch 64
Laupheim";"49848
09.10-13.10.
Sharepoint
Trainer";"49853
16.10-20.10.
Kombi
Wimmer";"RÅckholung
HubGesch 64
Laupheim";;;;;;;;;;
;;;;;;;;;;;;;;;;;;;;;;;;;;;;;;;;;;;;;;;;;;;;;;;"Versand
LogKdo
Erfurt";"49411
SharePoint 
16.-20.10.
Dahlmann";"49412
Outlook GL
23.-27.10.
Trainer ";"Vor
Ort";"49413
Excel AU
06.-10.11.2032
Adam ";"Vor
Ort";"49414
Kombi
20.-24.11.
KÅttner ";"Vor
Ort";"49415
Outlook GL
04.-08.12.
KÅttner ";"RÅckholung
LogKdo
Erfurt";;;
;;;;;;;;;;;;;;;;;;;;;;;;;;;;;;;;;;;;;;;;;;;;;;;"Versand
MNCIMICCmd
Nienburg";"50708
Outlook
16.10.-20.10.2023
Trainer";"50709
Outlook
23.10.-27.10.2023
Jou·en";"Vor
Ort";"Vor
Ort";"50710
Sharepoint
13.11.-17.11.2023
Jou·en";"50711
Sharepoint
20.11.-24.11.2023
Jou·en";"RÅckholung
MNCIMICCmd
Nienburg";;;;;
;;;;;;;;;;;;;;;;;;;;;;;;;;;;;;;;;;;;;;;;;;;;;;;"Versand
JgBtl 233
Mittenwald";"50336
16.10. - 20.10
Sharepoint
Trainer";"RÅckholung
JgBtl 233
Mittenwald";;;;;;;;;;
;;;;;;;;;;;;;;;;;;;;;;;;;;;;;;;;;;;;;;;;;;;;;;;"Versand
BAMAD
Kîln";"50126
Word GL
16.10.-20.10.2023
Trainer";"50127
Word Aufbau
23.10.-27.10..2023
Trainer";"RÅckholung
BAMAD
Kîln";;;;;;;;;
;;;;;;;;;;;;;;;;;;;;;;;;;;;;;;;;;;;;;;;;;;;;;;;"Versand
BAMAD
Kîln";"50117
Sharepoint
16.10.-20.10..2023
Post";"50118
Sharepoint
23.10.-27.10.2023
NÅrnberg";"RÅckholung
BAMAD
Kîln";;;;;;;;;
;;;;;;;;;;;;;;;;;;;;;;;;;;;;;;;;;;;;;;;;;;;;;;;"Versand
LLBrig 1
Saarlouis";"50132
Kombi
16.10.-20.10.2023
Wernau";"50131
Kombi
23.10.-27.10.2023
Wernau ";"RÅckholung
LLBrig 1
Saarlouis";;;;;;;;;
;;;;;;;;;;;;;;;;;;;;;;;;;;;;;;;;;;;;;;;;;;;;;;;"Versand
LLAufklKp310
Seedorf";"50410
Kombi
16.10.-20.10.2023
Trainer";"RÅckholung
LLAufklKp310
Seedorf";;;;;;;;;;
;;;;;;;;;;;;;;;;;;;;;;;;;;;;;;;;;;;;;;;;;;;;;;;"Versand
LLAufklKp310
Seedorf";"50411
Kombi
16.10.-20.10.2023
Trainer";"RÅckholung
LLAufklKp310
Seedorf";;;;;;;;;;
;;;;;;;;;;;;;;;;;;;;;;;;;;;;;;;;;;;;;;;;;;;;;;;;"Versand
PzGrenBtl
Bad Salzungen";"50799
Sharepoint
23.10.-27.10.2023. 
Messerschmidt";"RÅckholung
PzGrenBtl
Bad Salzungen";;;;;;;;;
;;;;;;;;;;;;;;;;;;;;;;;;;;;;;;;;;;;;;;;;;;;;;;;;"Versand
BwDLZ
Ingolstadt";"50347
23.10. - 27.10.
Kombi
Wimmer";"RÅckholung
BwDLZ
Ingolstadt";;;;;;;;;
;;;;;;;;;;;;;;;;;;;;;;;;;;;;;;;;;;;;;;;;;;;;;;;;"Versand
AusWerkst
Neckarzimmern";"46757
Excel Aufbau
24..-28.10.
Neckarzimmern ";"RÅckholung
AusWerkst
Neckarzimmern";;;;;;;;;
;;;;;;;;;;;;;;;;;;;;;;;;;;;;;;;;;;;;;;;;;;;;;;;;;;"Versand
BwDLZ
Lohheide";"50206
Kombi
06.11.-10.11.2023
Trainer";"50209
SharePoint GL
13.11.-17.11.2023
Trainer";"50211
Kombi
20.11.-24.11.2023
Dahlmann";"50316
Kombi
27.11.-01.12.2023
Dahlmann";"RÅckholung
BwDLZ
Lohheide";;;;
;;;;;;;;;;;;;;;;;;;;;;;;;;;;;;;;;;;;;;;;;;;;;;;;;;"Versand
BwDLZ
Burg";"49778
Outlook
06.11-10.11.2023
Adam";"49779
Outlook
13.11.-17.11.2023
KÅttner ";"RÅckholung
BwDLZ
Burg";;;;;;
;;;;;;;;;;;;;;;;;;;;;;;;;;;;;;;;;;;;;;;;;;;;;;;;;;"Versand
Lkdo NRW
D'ummdorf";"49500
Word
06.11.-10.11.2023
Gilles ";"RÅckholung
Lkdo NRW
D'ummdorf";;;;;;;
;;;;;;;;;;;;;;;;;;;;;;;;;;;;;;;;;;;;;;;;;;;;;;;;;;"Versand
ZCSBw
Euskirchen";"49950
Outlook
06.11.-10.11.2023
Trainer";"49951
SharePoint
13.11.-17.11.2023
Andreas Hoffmann";"RÅckholung
ZCSBw
Euskirchen";;;;;;
;;;;;;;;;;;;;;;;;;;;;;;;;;;;;;;;;;;;;;;;;;;;;;;;;;"Versand
BwDLZ
Hammelburg";"50479
06. - 10.11.
Excel GL
Buchner";"50478
13. - 17.11.
Outlook
Jou·en";"50477
20. - 24.11.
Sharepoint
Jou·en";"RÅckholung
BwDLZ
Hammelburg";;;;;
;;;;;;;;;;;;;;;;;;;;;;;;;;;;;;;;;;;;;;;;;;;;;;;;;;"Versand
BwDLZ
MÅnster";"48070
SP Grundlagen
07.11-11.11.
Schlossarek";"48072
SP Grundlagen
14.-18.11
Albat";"RÅckholung
BwDLZ
MÅnster";;;;;;
;;;;;;;;;;;;;;;;;;;;;;;;;;;;;;;;;;;;;;;;;;;;;;;;;;"Versand
BAPers
St. Augustin";"48969
Sharepoint
06.11.-10.11.2023
M.Schneider ";"RÅckholung
BAPers
St. Augustin";;;;;;;
;;;;;;;;;;;;;;;;;;;;;;;;;;;;;;;;;;;;;;;;;;;;;;;;;;"Versand
SanRgt 1
Wei·enfels";"49665
Excel Aufbau
06.11-10.11.2023
Boldin";"49667
PPT
13.11-17.11.2023
Boldin";"Vor
Ort";"49668
Kombi
27.11-01.12.2023
Boldin ";"RÅckholung
SanRgt 1
Wei·enfels";;;;
;;;;;;;;;;;;;;;;;;;;;;;;;;;;;;;;;;;;;;;;;;;;;;;;;"Achtung !!!
Project Kurs";"Versand
MFG 5
Wurster";"50934
Excel Aufbau
13. - 17.11.2023
Trainer";"50935
SharePoint
20. - 24.11.2023
Trainer";"50936
Project GL
27. - 30.11.2023
Trainer";"RÅckholung
MFG 5
Wurster";;;;;
;;;;;;;;;;;;;;;;;;;;;;;;;;;;;;;;;;;;;;;;;;;;;;;;;;;"Versand
SchABC
Sonthofen";"50912
Outlook GL
13.11. - 17.11.2023
Wimmer";"RÅckholung
SchABC
Sonthofen";;;;;;
;;;;;;;;;;;;;;;;;;;;;;;;;;;;;;;;;;;;;;;;;;;;;;;;;;;"Versand
ITBtl 292
Dillingen";"49482
Excel Aufbau
13.11.-17.11.2023
Buchner";"RÅckholung
ITBtl 292
Dillingen";;;;;;
;;;;;;;;;;;;;;;;;;;;;;;;;;;;;;;;;;;;;;;;;;;;;;;;;;;"Versand
BwDLZ
Rostock";"50800
Outlook
13.11.-17.11.2023
Munteanu";"RÅckholung
BwDLZ
Rostock";;;;;;
;;;;;;;;;;;;;;;;;;;;;;;;;;;;;;;;;;;;;;;;;;;;;;;;;;;"Versand
LwTrKdo
Kîln";"48453
SharePoint
14.-18.11.
Dahlmann";"48454
Excel Bonus  
21.-23.11
Gîbel ";"RÅckholung
LwTrKdo
Kîln";;;;;
;;;;;;;;;;;;;;;;;;;;;;;;;;;;;;;;;;;;;;;;;;;;;;;;;;;;"Versand
BwDLZ
Hammelburg";"48372
21.11-25.11.
Outlook
Derntl";"RÅckholung
BwDLZ
Hammelburg";;;;;
;;;;;;;;;;;;;;;;;;;;;;;;;;;;;;;;;;;;;;;;;;;;;;;;;;;;"Versand
ZKfWBw
Mînchengladbach";"50668
SharePoint
20. - 24.11.2023
Trainer";"RÅckholung
ZKfWBw
Mînchengladbach";;;;;
;;;;;;;;;;;;;;;;;;;;;;;;;;;;;;;;;;;;;;;;;;;;;;;;;;;;"Versand
TAusbZLw
Kaufbeuren";"47783
Sharepoint
21.-25.11.
Albat ";"RÅckholung
TAusbZLw
Kaufbeuren";;;;;
;;;;;;;;;;;;;;;;;;;;;;;;;;;;;;;;;;;;;;;;;;;;;;;;;;;;"Versand
ZBrdSchBw
Landsberg a. L.";"49952
Outlook
20.11.-24.11.2023
Buchner ";"49953
Outlook
27.11.-01.12.2023
Buchner ";"49954
Outlook 
04.12.-08.12.2023
Buchner ";"RÅckholung
ZBrdSchBw
Landsberg a. L.";;;
;;;;;;;;;;;;;;;;;;;;;;;;;;;;;;;;;;;;;;;;;;;;;;;;;;;;;"Versand
ITBtl 281
Gerolstein";"50554
Excel GL
27.11.-01.12.2023
Trainer";"Vor
Ort";"50555
Excel AU
11.12.-15.12.2023
Trainer";"RÅckholung
ITBtl 281
Gerolstein";;
;;;;;;;;;;;;;;;;;;;;;;;;;;;;;;;;;;;;;;;;;;;;;;;;;;;;;"Versand
Lkdo MV
Schwerin";"50717
Sharepoint
27.11.-01.12.2023
Trainer";"RÅckholung
Lkdo MV
Schwerin";;;;
;;;;;;;;;;;;;;;;;;;;;;;;;;;;;;;;;;;;;;;;;;;;;;;;;;;;;;;"Versand
ZBrdSchBw
Gardelegen";"50621
Kombi
11.12.. - 15.12.23
Mutneanu";"RÅckholung
ZBrdSchBw
Gardelegen";;
;;;;;;;;;;;;;;;;;;;;;;;;;;;;;;;;;;;;;;;;;;;;;;;;;;;;;;;;;;;
;;;;;;;;;;;;;;;;;;;;;;;;;;;;;;;;;;;;;;;;;;;;;;;;;;;;;;;;;;;
